id;first_name;last_name;gender;email;phone;address_line_1;address_line_2;city;country
1;Andarıman;Özkara;OTHER;"W@Y.Ll";+90-216-642-9-112;firmware empower auxiliary;Principal Zelanda;Beğteginbury;Portekiz
2;Bilgiç;Akar ;OTHER;"X@JR198.Hi";+90-791-917-4-928;partnerships Uzbekistan intelligence;Ergonomic Generic bluetooth;Lake Aykurt;Filistin
3;Aydın;Tuğlu;FMALE;"p@)hl4.6)k";+90-057-172-69-77;Lilangeni;Chair Directives;New Duru;Monako
4;Günyaruk;Adan;MALE;"]@MYsVUi.+b[";+90-301-227-7-081;Hat ,;AGP;Lake Başçıfurt;Antigua ve Barbuda
5;Gökçegöl;Beşok;FMALE;"o@[SL(`.~M/F},";+90-820-144-9-302;Branding Via;overriding Kamboçya multi-tasking;New Aprançurfort;Letonya
6;Ataldı;Karaduman;MALE;"p@va..#2";+90-710-672-96-08;Analyst;SAS Personal Filistin;Modesto;Kenya
7;Bozkurt;Polat;FMALE;"u@q`_*mk.Iv^M";+90-990-281-79-51;quantify generating;Sausages user indexing;Tahincioğlufort;San Marino
8;Aprançur;Kurutluoğlu;OTHER;"|@:.g%t";+90-801-137-7-575;bandwidth Bike;Fantastic transmit;Atıgayburgh;Niue, Yeni Zelanda
9;Abakay;Koçyiğit;OTHER;"s@TK.+]/.KM/'p";+90-697-476-24-92;Rhode e-tailers;system payment Oklahoma;New Işılayburgh;İsveç
10;Akpıra;Yalçın;MALE;"E@n~b.Q|9v";+90-756-102-9-898;parsing Fantastic Bedfordshire;Frozen Nebraska;Özbeytown;Özbekistan
