id;tracking_code;date;details
1;Mouse Villages;2022-01-06T04:56:48;unleash integrate
2;Gloves Account Belarussian;2022-01-06T14:57:09;Orchestrator Stravenue
3;Gorgeous Checking;2022-01-05T20:15:41;SSL zero
4;user-facing turquoise;2022-01-06T10:05:49;Ä°talya Garden auxiliary
5;experiences multi-tasking Tasty;2022-01-05T21:33:42;Viaduct Bedfordshire
6;Shoes Avon;2022-01-06T16:55:15;Lilangeni
7;Music Handmade;2022-01-06T02:32:53;Estate red
8;Officer mobile Specialist;2022-01-06T12:22:56;system
9;bypass;2022-01-06T17:55:14;Streamlined
10;invoice Quality-focused hack;2022-01-05T22:16:03;wireless Borders
